{
    "pacienteId": 1,
    "usuarioId": 1,
    "escolaridade": "ensino_superior_completo",
    "periodoEstudo": "manha",
    "lancheEstudo": true,
    "periodoTrabalho": "tarde",
    "lancheTrabalho": false,
    "profissao": "Engenheiro",
    "rendaFamiliar": "mais_de_5_salarios_minimos",
    "numPessoasDomicilio": 4,
    "motivo": "Perda de peso",
    "apresentaDoenca": "Diabetes tipo 2",
    "antecedentesFamiliares": "Hipertensão arterial",
    "medicamentosContinuos": "Metformina",
    "suplementosComplimentos": "Vitamina D",
    "frequenciaEvacuacao": "diaria",
    "consistenciaEvacuacao": 3,
    "praticaAtvFisica": true,
    "atvFisica": "Caminhada",
    "cafeDaManha": "Pão integral com queijo",
    "lancheDaManha": "Fruta",
    "almoco": "Arroz integral, feijão, frango grelhado e salada",
    "lancheDaTarde": "Iogurte natural com granola",
    "jantar": "Sopa de legumes",
    "ceia": "Chá de camomila",
    "legumesCenoura": "diario",
    "legumesBeterraba": "semanal",
    "legumesBerinjela": "nao",
    "legumesPepino": "diario",
    "legumesAbobrinha": "semanal",
    "legumesChuchu": "nao",
    "legumesTomate": "diario",
    "verdurasAcelga": "semanal",
    "verdurasAgriao": "diario",
    "verdurasAlface": "nao",
    "verdurasBrocolis": "semanal",
    "verdurasChicoria": "diario",
    "verdurasCouveManteiga": "nao",
    "verdurasCouveFlor": "semanal",
    "verdurasEspinafre": "diario",
    "verdurasRucula": "nao",
    "frutasCLaranja": "diario",
    "frutasCTangerina": "semanal",
    "frutasCLimao": "nao",
    "frutasCAbacaxi": "diario",
    "frutasCAcerola": "semanal",
    "frutasCMorango": "nao",
    "frutasCKiwi": "diario",
    "frutasCMaracuja": "semanal",
    "demaisFrutasBanana": "nao",
    "demaisFrutasGoiaba": "diario",
    "demaisFrutasMaca": "semanal",
    "demaisFrutasMamao": "nao",
    "demaisFrutasManga": "diario",
    "demaisFrutasMelancia": "semanal",
    "demaisFrutasMelao": "nao",
    "demaisFrutasPera": "diario",
    "demaisFrutasPessego": "semanal",
    "demaisFrutasUva": "nao",
    "leguminosasFeijao": "diario",
    "leguminosasLentilha": "semanal",
    "leguminosasErvilha": "nao",
    "leguminosasSoja": "diario",
    "leguminosasGraoDeBico": "semanal",
    "leguminosasVagem": "nao",
    "carnesBovina": "diario",
    "carnesSuina": "semanal",
    "carnesAves": "nao",
    "carnesPeixe": "diario",
    "frutosDoMar": "semanal",
    "ovo": "nao",
    "arrozBrancoPolido": "diario",
    "arrozIntegral": "semanal",
    "lacteosLeiteIntegralDesnatadoSemi": "nao",
    "lacteosLeiteSemLactose": "diario",
    "lacteosQueijosPedacoOuFatia": "semanal",
    "lacteosIogurtes": "nao",
    "cereaisAveia": "diario",
    "cereaisGranolaInNatura": "semanal",
    "cereaisQuinoa": "nao",
    "cereaisLinhaca": "diario",
    "cereaisChia": "semanal",
    "paesFrancesMediaNormal": "nao",
    "paesFrancesMediaIntegral": "diario",
    "paesForma": "semanal",
    "paesFormaIntegral": "nao",
    "paesCara": "diario",
    "pastasRequeijao": "semanal",
    "pastasMargarina": "nao",
    "pastasManteiga": "diario",
    "pastasRicota": "semanal",
    "pastasCottage": "nao",
    "pastasDoceDeLeite": "diario",
    "pastasCremeDeAvela": "semanal",
    "pastasGeleia": "nao",
    "salgadosMistinhoEsfiha": "diario",
    "salgadosCoxinhaCroquete": "semanal",
    "salgadosEmpadas": "nao",
    "salgadosPaoDeQueijo": "diario",
    "ultraprocessadosSalgadinhoDePacote": "semanal",
    "ultraprocessadosBiscoitoSalgado": "nao",
    "ultraprocessadosBiscoitoDoce": "diario",
    "ultraprocessadosChocolate": "semanal",
    "ultraprocessadosRefrigerante": "nao",
    "ultraprocessadosSucoEmPoCaixinha": "diario",
    "ultraprocessadosPratosProntosCongelados": "semanal",
    "ultraprocessadosMacarraoInstantaneo": "nao",
    "ultraprocessadosBolinho": "diario",
    "ultraprocessadosFastFood": "semanal",
    "embutidosSalame": "nao",
    "embutidosPresunto": "diario",
    "embutidosApresuntadoMortadela": "semanal",
    "embutidosLinguicaToscanaCalabresa": "nao",
    "embutidosSalsicha": "diario",
    "embutidosPeitoDePeru": "semanal",
    "embutidosRosbife": "nao",
    "embutidosNuggets": "diario",
    "embutidosHamburguerTradicional": "semanal",
    "acucaresAcucar": "nao",
    "acucaresAdocante": "diario",
    "acucaresMelMelado": "semanal",
    "acucaresProdutosConfeitaria": "nao",
    "acucaresGuloseimas": "diario",
    "acucaresAchocolatados": "semanal",
    "molhosKetchup": "nao",
    "molhosMostarda": "diario",
    "molhosShoyu": "semanal",
    "molhosTare": "nao",
    "molhosMaionese": "diario",
    "quemCozinha": "Mãe",
    "necessidadeComerEstressadoAnsiosoTriste": "as_vezes",
    "realizaRefeicoesSozinhoAcompanhado": "acompanhado",
    "excessoAlimentosNaoSaudaveisSintomas": "Azia",
    "dificuldadeRotinaAlimentarSaudavel": "Falta de tempo",
    "necessidadeConsoloAlimentar": "as_vezes",
    "dificuldadePararDeComer": "as_vezes",
    "frequenciaFomeFisiologica": "Raramente",
    "frequenciaNecessidadeEmocionalComer": "Ocasionalmente",
    "naoModificarPlanoAlimentar": "Nunca",
    "aversaoAlimentar": "Brócolis",
    "toleraAlimentosProteinaAnimal": true,
    "alergiaIntoleranciasAlimentares": "Glúten",
    "notaSaciedadePosRefeicoes": 8,
    "notaHumorPosRefeicoes": 7,
    "pesoAtual": 70.5,
    "estaturaM": 1.75,
    "imc": 23,
    "cb": 25,
    "dct": 30,
    "dcb": 28,
    "dcse": 32,
    "dcsi": 29,
    "somatoria4Dobras": 115,
    "porcentagemGorduraCorporalSomatoria4Dobras": 20,
    "pesoGordura": 15,
    "pesoMassaMagra": 55,
    "totalAgua": 30,
    "porcentagemAguaMassaMagra": 55,
    "resistencia": 40,
    "reactancia": 40,
    "anguloDeFase": 20,
    "circunferenciaCintura": 80,
    "circunferenciaQuadril": 90,
    "circunferenciaPanturrilha": 35,
    "emapDireita": 15,
    "emapEsquerda": 16,
    "forcaPreencaoManualDireita": 30,
    "forcaPreencaoManualEsquerda": 30,
    "metas": "Reduzir o percentual de gordura corporal e ganhar massa magra."
  }  
